{"\u0425": 0.06190476190476191, "4": 0.05238095238095238, "\u041c": 0.12857142857142856, "\u0415": 0.07857142857142857, "\u041e": 0.08333333333333333, "b": 0.007142857142857143, "1": 0.07380952380952381, "c": 0.02857142857142857, "\u041b": 0.01904761904761905, "\u042b": 0.002380952380952381, ">": 0.08571428571428572, "7": 0.014285714285714285, "\u0410": 0.014285714285714285, "t": 0.011904761904761904, "\u042c": 0.004761904761904762, "r": 0.07142857142857142, "a": 0.03571428571428571, "\u041a": 0.007142857142857143, "\u0414": 0.03571428571428571, "\u0420": 0.011904761904761904, "\u0423": 0.023809523809523808, "<": 0.007142857142857143, " ": 0.016666666666666666, "\u0419": 0.009523809523809525, "\u0424": 0.02142857142857143, "\u041f": 0.016666666666666666, "5": 0.009523809523809525, "2": 0.02619047619047619, "8": 0.023809523809523808, "\u0411": 0.004761904761904762, "\u0418": 0.009523809523809525, "\u0427": 0.002380952380952381}